[
  {
    "metadataOutputVersion" : "3.0",
    "storagePrecision" : "Float16",
    "outputSchema" : [
      {
        "hasShapeFlexibility" : "0",
        "isOptional" : "0",
        "dataType" : "Float32",
        "formattedType" : "MultiArray (Float32 5)",
        "shortDescription" : "",
        "shape" : "[5]",
        "name" : "Identity",
        "type" : "MultiArray"
      }
    ],
    "modelParameters" : [

    ],
    "specificationVersion" : 2,
    "computePrecision" : "Float16",
    "isUpdatable" : "0",
    "availability" : {
      "macOS" : "10.13.2",
      "tvOS" : "11.2",
      "watchOS" : "4.2",
      "iOS" : "11.2",
      "macCatalyst" : "11.2"
    },
    "neuralNetworkLayerTypeHistogram" : {
      "Softmax" : 1,
      "Convolution" : 36,
      "ReduceAvg" : 1,
      "Reshape" : 1,
      "ActivationReLU" : 15,
      "Add" : 6
    },
    "modelType" : {
      "name" : "MLModelType_neuralNetwork"
    },
    "userDefinedMetadata" : {
      "coremltoolsVersion" : "3.4"
    },
    "generatedClassName" : "test_fp16",
    "inputSchema" : [
      {
        "hasShapeFlexibility" : "0",
        "isOptional" : "0",
        "dataType" : "Float32",
        "formattedType" : "MultiArray (Float32 1 × 98 × 80)",
        "shortDescription" : "",
        "shape" : "[1, 98, 80]",
        "name" : "input",
        "type" : "MultiArray"
      }
    ],
    "method" : "predict"
  }
]